﻿{"cameraMode":{"drawMode":0,"name":"Shaded","section":"Shading Mode"},"sceneLighting":true,"audioPlay":false,"sceneViewState":{"m_AlwaysRefresh":false,"showFog":true,"showSkybox":true,"showFlares":true,"showImageEffects":true,"showParticleSystems":true,"showVisualEffectGraphs":true,"m_FxEnabled":true},"in2DMode":false,"pivot":{"x":-1.4576761722564698,"y":2.7428176403045656,"z":6.386003017425537},"rotation":{"x":-0.05592842027544975,"y":0.8097066283226013,"z":-0.07822401821613312,"w":-0.5789118409156799},"size":1.4309556484222413,"orthographic":false}